acc_x,acc_y,acc_z,gyr_x,gyr_y,gyr_z
0.0068359375,-0.983154296875,-0.021484375,-0.05604686556431711,0.007177663982351238,0.04382956516882565
0.0029296875,-0.9814453125,-0.013671875,-0.05589414930937346,0.006414082707633021,0.037415482461192626
0.00634765625,-0.98486328125,-0.014404296875,-0.05589414930937346,0.006108650197745734,0.039400793775459984
0.008056640625,-0.9814453125,-0.0146484375,-0.058032176878584474,0.007177663982351238,0.03970622628534728
0.002685546875,-0.98291015625,-0.015625,-0.05772674436869719,0.009468407806505888,0.036804617441418046
0.00341796875,-0.9814453125,-0.013916015625,-0.056963163093978975,0.008552110276844029,0.042607835129276496
0.008056640625,-0.984130859375,-0.02685546875,-0.05757402811375355,0.00992655657133682,0.03894264501062905
0.005859375,-0.979736328125,-0.021240234375,-0.053756121740162456,0.009010259041674958,0.0355828874018689
0.00732421875,-0.98388671875,-0.018798828125,-0.05345068923027518,0.006872231472463951,0.04291326763916378
0.00146484375,-0.98095703125,-0.02197265625,-0.054519703014880676,0.01038470533616775,0.03985894254029092
0.00439453125,-0.9794921875,-0.020263671875,-0.05253439170061331,0.011606435375716895,0.041080672579840063
0.009033203125,-0.983154296875,-0.012939453125,-0.05681044683903533,0.0032070413538165107,0.03817906373591083
0.0048828125,-0.97998046875,-0.029296875,-0.05604686556431711,0.004581487648309301,0.039400793775459984
0.008056640625,-0.982421875,-0.017333984375,-0.06017020444779548,0.006872231472463951,0.038484496245798125
0.006103515625,-0.981689453125,-0.018310546875,-0.05665773058409168,0.006261366452689377,0.03833177999085448
0.00537109375,-0.98291015625,-0.022216796875,-0.05650501432914804,0.007941245257069456,0.03817906373591083
0.004150390625,-0.984130859375,-0.015380859375,-0.05787946062364083,0.009621124061449531,0.04062252381500913
0.0087890625,-0.9833984375,-0.0205078125,-0.05436698675993703,0.011301002865829609,0.037568198716136265
0.00146484375,-0.98193359375,-0.015380859375,-0.0539088379951061,0.010995570355942322,0.04092795632489642
0.00341796875,-0.982666015625,-0.01513671875,-0.052076242935782384,0.015424341749307978,0.03497202238209433
0.0078125,-0.98046875,-0.016845703125,-0.05757402811375355,0.005497785177971161,0.039248077520516345
0.0087890625,-0.982421875,-0.019775390625,-0.05436698675993703,0.010995570355942322,0.03970622628534728
0.002197265625,-0.981201171875,-0.02099609375,-0.05314525672038789,0.007483096492238524,0.041538821344671
0.005126953125,-0.9814453125,-0.020263671875,-0.06001748819285183,0.008093961512013097,0.03894264501062905
0.00830078125,-0.980224609375,-0.016357421875,-0.051159945406120524,0.003817906373591084,0.041691537599614636
0.0068359375,-0.983154296875,-0.015625,-0.05604686556431711,0.004886920158196587,0.03787363122602355
0.008056640625,-0.979248046875,-0.0146484375,-0.05131266166106417,0.014508044219646118,0.03894264501062905
0.01025390625,-0.98388671875,-0.023193359375,-0.053756121740162456,0.00992655657133682,0.03985894254029092
0.011962890625,-0.98291015625,-0.016357421875,-0.05665773058409168,0.009162975296618601,0.04092795632489642
0.007568359375,-0.981201171875,-0.017822265625,-0.05238167544566967,0.005650501432914804,0.0412333888347837
0.005126953125,-0.98095703125,-0.019775390625,-0.05192352668083874,0.010079272826280461,0.03833177999085448
0.004638671875,-0.9814453125,-0.018798828125,-0.05772674436869719,0.009773840316393174,0.03817906373591083
0.003662109375,-0.982666015625,-0.025146484375,-0.058184893133528114,0.006261366452689377,0.04077524006995278
0.004150390625,-0.985595703125,-0.02099609375,-0.05436698675993703,0.01038470533616775,0.03772091497107991
0.003662109375,-0.9814453125,-0.01611328125,-0.05543600054454254,0.012217300395491468,0.03817906373591083
0.00537109375,-0.9794921875,-0.019287109375,-0.054519703014880676,0.010995570355942322,0.03695733369636169
-0.001953125,-0.98095703125,-0.01904296875,-0.05513056803465525,0.009162975296618601,0.037568198716136265
0.008544921875,-0.981689453125,-0.0263671875,-0.05665773058409168,0.0050396364131402305,0.037415482461192626
0.005859375,-0.980712890625,-0.015625,-0.05604686556431711,0.008857542786731315,0.03985894254029092
0.007080078125,-0.986083984375,-0.0166015625,-0.056963163093978975,0.003512473863703797,0.039248077520516345
0.0078125,-0.985107421875,-0.02783203125,-0.05726859560386626,0.007330380237294881,0.041691537599614636
0.009521484375,-0.97998046875,-0.019287109375,-0.05345068923027518,0.007941245257069456,0.03817906373591083
0.0068359375,-0.98291015625,-0.015380859375,-0.05024364787645866,0.013439030435040614,0.036804617441418046
0.004150390625,-0.98486328125,-0.01513671875,-0.05253439170061331,0.00412333888347837,0.037415482461192626
0.0029296875,-0.982666015625,-0.01123046875,-0.05558871679948618,0.007635812747182168,0.03970622628534728
0.005126953125,-0.984130859375,-0.021240234375,-0.05253439170061331,0.006566798962576664,0.03878992875568541
0.007080078125,-0.982421875,-0.017822265625,-0.056963163093978975,0.010079272826280461,0.038637212500741765
0.003662109375,-0.98291015625,-0.017822265625,-0.05574143305442982,0.007024947727407594,0.04321870014905107
0.006103515625,-0.98046875,-0.01513671875,-0.05833760938847176,0.012522732905378755,0.03527745489198161
0.00439453125,-0.985107421875,-0.027099609375,-0.0539088379951061,0.006566798962576664,0.04291326763916378
0.00830078125,-0.984130859375,-0.019287109375,-0.05833760938847176,0.005955933942802091,0.04077524006995278
0.006103515625,-0.984130859375,-0.023193359375,-0.05253439170061331,0.00824667776695674,0.03497202238209433
0.01025390625,-0.9814453125,-0.017822265625,-0.05574143305442982,0.01053742159111139,0.03878992875568541
0.006103515625,-0.97900390625,-0.02001953125,-0.05513056803465525,0.007941245257069456,0.03497202238209433
0.00244140625,-0.9853515625,-0.01318359375,-0.05757402811375355,0.010231989081224104,0.041080672579840063
0.005126953125,-0.981689453125,-0.0205078125,-0.05955933942802091,0.014813476729533407,0.037415482461192626
0.006103515625,-0.981689453125,-0.018310546875,-0.05543600054454254,0.011301002865829609,0.039400793775459984
0.009521484375,-0.97802734375,-0.027587890625,-0.05543600054454254,0.0036651901186474404,0.03711004995130533
0.0087890625,-0.98388671875,-0.01708984375,-0.053756121740162456,0.007483096492238524,0.036804617441418046
0.005126953125,-0.97900390625,-0.021484375,-0.05787946062364083,0.007024947727407594,0.03985894254029092
0.0048828125,-0.9833984375,-0.017822265625,-0.05543600054454254,0.004886920158196587,0.037568198716136265
-0.000244140625,-0.980712890625,-0.0126953125,-0.053756121740162456,0.00992655657133682,0.0401643750501782
0.004150390625,-0.986572265625,-0.020751953125,-0.05436698675993703,0.008552110276844029,0.043676848913882
0.0078125,-0.98193359375,-0.021728515625,-0.05482513552476796,0.006414082707633021,0.042760551384220136
0.00634765625,-0.98095703125,-0.02880859375,-0.056199581819260755,0.006414082707633021,0.040317091305121844
0.00341796875,-0.985107421875,-0.02197265625,-0.056963163093978975,0.007483096492238524,0.03878992875568541
0.001220703125,-0.98291015625,-0.02392578125,-0.05467241926982432,0.00992655657133682,0.03619375242164347
0.00732421875,-0.981201171875,-0.021728515625,-0.05833760938847176,0.005345068923027517,0.03894264501062905
0.004150390625,-0.982421875,-0.019287109375,-0.05787946062364083,0.003054325098872867,0.03772091497107991
0.006103515625,-0.97998046875,-0.02294921875,-0.05787946062364083,0.0058032176878584476,0.041080672579840063
0.006103515625,-0.982177734375,-0.018798828125,-0.057115879348922614,0.010690137846055034,0.041691537599614636
0.0068359375,-0.981201171875,-0.01953125,-0.056352298074204395,0.00992655657133682,0.0401643750501782
0.00341796875,-0.984619140625,-0.014892578125,-0.05299254046544424,0.011301002865829609,0.04138610508972735
0.004638671875,-0.981689453125,-0.016357421875,-0.058032176878584474,0.003970622628534728,0.0380263474809672
0.00390625,-0.984130859375,-0.0205078125,-0.052076242935782384,0.012522732905378755,0.03787363122602355
0.00927734375,-0.98193359375,-0.01708984375,-0.05894847440824633,0.006261366452689377,0.040469807560065484
0.00537109375,-0.986328125,-0.0166015625,-0.05864304189835905,0.009621124061449531,0.038637212500741765
0.008544921875,-0.98046875,-0.01611328125,-0.05574143305442982,0.0036651901186474404,0.04062252381500913
0.0048828125,-0.98046875,-0.014892578125,-0.05100722915117688,0.011148286610885964,0.03268127855793968
0.00537109375,-0.982421875,-0.02099609375,-0.05238167544566967,0.0044287713933656575,0.0390953612655727
0.00390625,-0.976318359375,-0.01806640625,-0.05406155425004974,0.012370016650435113,0.03817906373591083
0.00537109375,-0.984130859375,-0.018798828125,-0.05345068923027518,0.004276055138422014,0.0390953612655727
0.005615234375,-0.98193359375,-0.023193359375,-0.056963163093978975,0.007177663982351238,0.039400793775459984
-0.00048828125,-0.978515625,-0.013427734375,-0.0539088379951061,0.0018325950593237202,0.039400793775459984
0.0078125,-0.981201171875,-0.01220703125,-0.052076242935782384,0.010690137846055034,0.041538821344671
0.004150390625,-0.98193359375,-0.015625,-0.05589414930937346,0.007024947727407594,0.03695733369636169
0.0078125,-0.980224609375,-0.02197265625,-0.05574143305442982,0.01038470533616775,0.041080672579840063
0.0078125,-0.983154296875,-0.017822265625,-0.056352298074204395,0.008093961512013097,0.03894264501062905
0.009521484375,-0.980224609375,-0.018798828125,-0.05681044683903533,0.009621124061449531,0.03894264501062905
0.00341796875,-0.987060546875,-0.021728515625,-0.053756121740162456,0.006261366452689377,0.03711004995130533
0.0048828125,-0.982421875,-0.018310546875,-0.05589414930937346,0.007941245257069456,0.03726276620624898
0.00732421875,-0.980224609375,-0.01904296875,-0.05558871679948618,0.005192352668083875,0.041691537599614636
0.007568359375,-0.981689453125,-0.012451171875,-0.05543600054454254,0.011911867885604182,0.040011658795234564
0.00244140625,-0.98486328125,-0.01904296875,-0.05329797297533153,0.008857542786731315,0.04184425385455828
-0.00048828125,-0.982666015625,-0.018310546875,-0.05604686556431711,0.012217300395491468,0.03878992875568541
0.000732421875,-0.984619140625,-0.01904296875,-0.05986477193790819,0.010842854100998679,0.0401643750501782
0.0048828125,-0.980224609375,-0.01806640625,-0.05650501432914804,0.01038470533616775,0.03527745489198161
0.010009765625,-0.9794921875,-0.017578125,-0.05726859560386626,0.006108650197745734,0.04199697010950192
0.00439453125,-0.9814453125,-0.016357421875,-0.05772674436869719,0.006414082707633021,0.035735603656812547
0.009033203125,-0.98486328125,-0.017578125,-0.05268710795555696,0.010842854100998679,0.0380263474809672
0.004638671875,-0.978271484375,-0.022216796875,-0.04841105281713494,0.008399394021900385,0.04230240261938921
0.005615234375,-0.986083984375,-0.01904296875,-0.04963278285668409,0.009468407806505888,0.03543017114692526
0.004150390625,-0.97802734375,-0.018310546875,-0.05314525672038789,0.008399394021900385,0.03985894254029092
0.003662109375,-0.981201171875,-0.02001953125,-0.05726859560386626,0.006566798962576664,0.03833177999085448
0.002197265625,-0.97705078125,-0.018798828125,-0.05864304189835905,0.0036651901186474404,0.04184425385455828
0.005859375,-0.98046875,-0.011962890625,-0.05238167544566967,0.0033597576087601535,0.039248077520516345
0.00634765625,-0.98583984375,-0.01806640625,-0.05833760938847176,0.00824667776695674,0.034361157362319754
0.007080078125,-0.986083984375,-0.019287109375,-0.054519703014880676,0.006872231472463951,0.0380263474809672
0.0048828125,-0.983154296875,-0.0263671875,-0.05925390691813363,0.01053742159111139,0.040011658795234564
0.00341796875,-0.980224609375,-0.02001953125,-0.05329797297533153,0.006261366452689377,0.03833177999085448
0.00830078125,-0.977294921875,-0.02587890625,-0.04978549911162774,0.008399394021900385,0.04428771393365657
0.006103515625,-0.983642578125,-0.018798828125,-0.05650501432914804,0.006566798962576664,0.038637212500741765
0.00830078125,-0.978759765625,-0.017578125,-0.06459897584116114,0.004276055138422014,0.03726276620624898
0.001708984375,-0.982177734375,-0.014404296875,-0.05482513552476796,0.012828165415266043,0.03817906373591083
0.006591796875,-0.978271484375,-0.017578125,-0.05406155425004974,0.0036651901186474404,0.038484496245798125
-0.024169921875,-0.990234375,-0.016845703125,-0.062155515762062845,0.015271625494364336,0.045204011463318435
0.006103515625,-0.98046875,-0.017578125,-0.06078106946757005,0.014049895454815189,0.04199697010950192
-0.017333984375,-0.995849609375,-0.01171875,-0.05589414930937346,0.01588249051413891,0.04413499767871293
-0.0029296875,-0.985107421875,-0.0146484375,-0.05161809417095146,0.01038470533616775,0.04092795632489642
0.005615234375,-0.982177734375,-0.01953125,-0.05772674436869719,0.007330380237294881,0.03894264501062905
0.01025390625,-0.984375,-0.0107421875,-0.06765330094003401,0.007788529002125811,0.040317091305121844
0.0107421875,-0.9814453125,-0.021240234375,-0.05467241926982432,0.009621124061449531,0.039248077520516345
0.005859375,-0.977783203125,-0.01416015625,-0.05085451289623324,0.006566798962576664,0.04184425385455828
0.00146484375,-0.981201171875,-0.01904296875,-0.05589414930937346,0.006872231472463951,0.03833177999085448
0.0322265625,-0.909912109375,-0.018798828125,-0.060475636957682766,0.00824667776695674,0.052839824210500604
-0.00830078125,-0.990234375,-0.0185546875,-0.06750058468509036,0.0027488925889855805,0.041538821344671
0.0029296875,-0.982177734375,-0.01416015625,-0.1088866897748177,0.01695150429874441,0.03283399481288332
0.01025390625,-0.974609375,-0.0244140625,-0.083077642689342,0.007635812747182168,0.04138610508972735
0.004150390625,-0.9853515625,-0.029541015625,-0.08445208898383477,0.007483096492238524,0.03711004995130533
0.011962890625,-0.98291015625,-0.0126953125,-0.09117160420135509,0.004886920158196587,0.036651901186474406
0.003662109375,-0.982177734375,-0.015380859375,-0.09224061798596057,0.008857542786731315,0.03497202238209433
0.006103515625,-0.982666015625,-0.010009765625,-0.07666355998170896,0.004886920158196587,0.03772091497107991
0.00390625,-0.985107421875,-0.013671875,-0.0760526949619344,0.008552110276844029,0.0345138736172634
0.00537109375,-0.985107421875,-0.015380859375,-0.07147120731362509,0.008552110276844029,0.03894264501062905
0.006103515625,-0.978271484375,-0.0166015625,-0.07376195113777974,0.012370016650435113,0.03955351003040363
0.00634765625,-0.981201171875,-0.02490234375,-0.07941245257069456,0.007941245257069456,0.0380263474809672
0.003662109375,-0.98486328125,-0.03271484375,-0.047647471542416726,0.008093961512013097,0.038637212500741765
0.004638671875,-0.9833984375,-0.01513671875,-0.03695733369636169,0.004581487648309301,0.039400793775459984
0.00244140625,-0.984619140625,-0.01708984375,-0.06139193448734463,0.0044287713933656575,0.03726276620624898
0.0068359375,-0.984375,-0.0205078125,-0.05757402811375355,0.008857542786731315,0.037415482461192626
0.003173828125,-0.986572265625,-0.011474609375,-0.052076242935782384,0.006108650197745734,0.040469807560065484
0.003662109375,-0.98046875,-0.025390625,-0.0517708104258951,0.007330380237294881,0.03695733369636169
0.004638671875,-0.980712890625,-0.015625,-0.06948589599935773,0.004734203903252944,0.040011658795234564
0.0068359375,-0.979736328125,-0.018798828125,-0.05360340548521882,0.011148286610885964,0.03894264501062905
0.00634765625,-0.9853515625,-0.02392578125,-0.04734203903252944,0.0013744462944927903,0.04062252381500913
0.0078125,-0.979248046875,-0.02001953125,-0.06979132850924501,0.008093961512013097,0.038637212500741765
0.005859375,-0.980712890625,-0.01318359375,-0.05910119066318998,0.010079272826280461,0.04138610508972735
0.0048828125,-0.981201171875,-0.019287109375,-0.051159945406120524,0.007483096492238524,0.036651901186474406
0.0068359375,-0.985107421875,-0.021240234375,-0.05833760938847176,0.0022907438241546504,0.04321870014905107
0.0068359375,-0.98388671875,-0.01806640625,-0.05757402811375355,0.010079272826280461,0.0412333888347837
0.00439453125,-0.982666015625,-0.01708984375,-0.05299254046544424,0.009621124061449531,0.04428771393365657
0.0,-0.982421875,-0.017578125,-0.052839824210500604,0.004886920158196587,0.043524132658938355
0.005859375,-0.97900390625,-0.021484375,-0.05314525672038789,0.005955933942802091,0.037568198716136265
0.00634765625,-0.98486328125,-0.01953125,-0.05986477193790819,0.007024947727407594,0.03955351003040363
0.006103515625,-0.982421875,-0.0185546875,-0.05650501432914804,0.007941245257069456,0.03726276620624898
0.005126953125,-0.982177734375,-0.016845703125,-0.05833760938847176,0.0050396364131402305,0.042760551384220136
0.002685546875,-0.982421875,-0.023681640625,-0.056963163093978975,0.014508044219646118,0.038484496245798125
0.00830078125,-0.981689453125,-0.017822265625,-0.05329797297533153,0.010995570355942322,0.04184425385455828
0.002685546875,-0.981201171875,-0.01904296875,-0.06078106946757005,0.0050396364131402305,0.039248077520516345
0.001220703125,-0.98046875,-0.02197265625,-0.05054908038634595,0.006414082707633021,0.03894264501062905
0.0048828125,-0.98046875,-0.017578125,-0.05467241926982432,0.00824667776695674,0.03833177999085448
0.00146484375,-0.9853515625,-0.016845703125,-0.05833760938847176,0.011301002865829609,0.03726276620624898
0.00390625,-0.986328125,-0.018310546875,-0.06154465074228827,0.01053742159111139,0.04214968636444556
0.00830078125,-0.982421875,-0.01611328125,-0.05558871679948618,0.0027488925889855805,0.04214968636444556
0.00341796875,-0.98486328125,-0.018798828125,-0.052076242935782384,0.007177663982351238,0.04199697010950192
0.0068359375,-0.983154296875,-0.01708984375,-0.04993821536657137,0.008093961512013097,0.04092795632489642
0.00634765625,-0.979736328125,-0.015625,-0.05421427050499339,0.006719515217520307,0.038484496245798125
0.006591796875,-0.98291015625,-0.01416015625,-0.05070179664128959,0.00870482653178767,0.03588831991175619
0.002685546875,-0.979248046875,-0.017578125,-0.05497785177971161,0.010842854100998679,0.03878992875568541
0.0048828125,-0.97705078125,-0.01953125,-0.05421427050499339,0.006414082707633021,0.03955351003040363
0.001220703125,-0.9794921875,-0.018310546875,-0.05772674436869719,0.00992655657133682,0.03726276620624898
0.00244140625,-0.985595703125,-0.020263671875,-0.053756121740162456,0.008552110276844029,0.041691537599614636
0.007568359375,-0.982421875,-0.016357421875,-0.05665773058409168,0.008552110276844029,0.04428771393365657
0.004638671875,-0.98193359375,-0.0224609375,-0.06001748819285183,0.003970622628534728,0.0390953612655727
0.006591796875,-0.98486328125,-0.017822265625,-0.0574213118588099,0.009621124061449531,0.042607835129276496
0.008544921875,-0.984130859375,-0.0185546875,-0.055283284289598895,0.003970622628534728,0.04184425385455828
0.005859375,-0.983154296875,-0.018310546875,-0.05421427050499339,0.007330380237294881,0.0380263474809672
0.005615234375,-0.981689453125,-0.01611328125,-0.05543600054454254,0.007635812747182168,0.040469807560065484
0.003173828125,-0.98583984375,-0.019287109375,-0.05482513552476796,0.007177663982351238,0.038637212500741765
0.00439453125,-0.98583984375,-0.02099609375,-0.05772674436869719,0.00412333888347837,0.04184425385455828
0.005859375,-0.981201171875,-0.021240234375,-0.05650501432914804,0.00824667776695674,0.03878992875568541
0.001953125,-0.9814453125,-0.0234375,-0.057115879348922614,0.007941245257069456,0.03817906373591083
0.00634765625,-0.98193359375,-0.017333984375,-0.05345068923027518,0.00870482653178767,0.040317091305121844
0.004638671875,-0.982421875,-0.01953125,-0.05345068923027518,0.007330380237294881,0.03878992875568541
0.005615234375,-0.983154296875,-0.018798828125,-0.06062835321262641,0.0050396364131402305,0.03634646867658711
0.004638671875,-0.982666015625,-0.0185546875,-0.05558871679948618,0.010842854100998679,0.03894264501062905
0.0078125,-0.9794921875,-0.021728515625,-0.050396364131402305,0.009162975296618601,0.04077524006995278
0.006591796875,-0.983154296875,-0.020751953125,-0.05253439170061331,0.006414082707633021,0.04062252381500913
0.002197265625,-0.98095703125,-0.0185546875,-0.05589414930937346,0.010690137846055034,0.03817906373591083
0.00732421875,-0.97998046875,-0.01953125,-0.04948006660174045,0.012675449160322398,0.04092795632489642
0.00390625,-0.98193359375,-0.0205078125,-0.057115879348922614,0.006108650197745734,0.03711004995130533
0.009033203125,-0.984130859375,-0.020263671875,-0.05467241926982432,0.013744462944927902,0.04184425385455828
0.0068359375,-0.983154296875,-0.019775390625,-0.05726859560386626,0.005192352668083875,0.040317091305121844
0.004638671875,-0.982421875,-0.01220703125,-0.05345068923027518,0.01053742159111139,0.040469807560065484
0.0048828125,-0.985107421875,-0.020751953125,-0.05070179664128959,0.007941245257069456,0.04077524006995278
0.00732421875,-0.980712890625,-0.017333984375,-0.05589414930937346,0.009162975296618601,0.043676848913882
0.00537109375,-0.9814453125,-0.019775390625,-0.05268710795555696,0.009468407806505888,0.041080672579840063
0.009033203125,-0.98291015625,-0.017578125,-0.055283284289598895,0.005345068923027517,0.040011658795234564
0.008056640625,-0.98388671875,-0.019287109375,-0.05665773058409168,0.009315691551562245,0.04230240261938921
0.005615234375,-0.980224609375,-0.019775390625,-0.05299254046544424,0.006566798962576664,0.035124738637037974
0.00390625,-0.98193359375,-0.0205078125,-0.056963163093978975,0.007024947727407594,0.03726276620624898
